<?xml version="1.0" encoding="utf-8"?>
<SquishReport xmlns="http://www.froglogic.com/resources/schemas/xml3" version="3.5">
    <test type="testsuite">
        <prolog time="2025-01-14T05:04:12.228315+02:00">
            <name><![CDATA[suite_Test]]></name>
            <location>
                <uri><![CDATA[file:/D:/QtApplications/Squish/suite_Test/]]></uri>
            </location>
        </prolog>
    <test type="testcase">
        <prolog time="2025-01-14T05:04:12.318+02:00">
            <name>tst_case1</name>
            <location>
                <uri><![CDATA[x-testsuite:/tst_case1]]></uri>
            </location>
        </prolog>
        <message time="2025-01-14T05:04:12.335+02:00" type="FATAL">
            <text>Starting application</text>
            <detail>Application 'qtPhooneBook' could not be started. An error occurred while starting the AUT.</detail>
        </message>
        <epilog time="2025-01-14T05:04:12.335+02:00"></epilog>
    </test>

        <epilog time="2025-01-14T05:04:12.346001+02:00"></epilog>
    </test>
</SquishReport>